module_order,module_title,lesson_order,lesson_title,step_order,step_title,step_type,checker_type,xp,difficulty,estimated_minutes
1,Глава 1. Java Metanit,1,Что такое Java,1,Теория,theory,,30,1,20
1,Глава 1. Java Metanit,1,Что такое Java,2,Квиз,test,quiz_single,45,1,10
1,Глава 1. Java Metanit,1,Что такое Java,3,Практика,practice,java_stdout,75,2,25
1,Глава 1. Java Metanit,2,Первая программа на Java,1,Теория,theory,,30,1,20
1,Глава 1. Java Metanit,2,Первая программа на Java,2,Квиз,test,quiz_single,45,1,10
1,Глава 1. Java Metanit,2,Первая программа на Java,3,Практика,practice,java_stdout,75,2,25
1,Глава 1. Java Metanit,3,Первая программа в NetBeans,1,Теория,theory,,30,1,20
1,Глава 1. Java Metanit,3,Первая программа в NetBeans,2,Квиз,test,quiz_single,45,1,10
1,Глава 1. Java Metanit,3,Первая программа в NetBeans,3,Практика,practice,java_stdout,75,2,25
1,Глава 1. Java Metanit,4,Первая программа в Eclipse,1,Теория,theory,,30,1,20
1,Глава 1. Java Metanit,4,Первая программа в Eclipse,2,Квиз,test,quiz_single,45,1,10
1,Глава 1. Java Metanit,4,Первая программа в Eclipse,3,Практика,practice,java_stdout,75,2,25
1,Глава 1. Java Metanit,5,Первая программа в IntelliJ IDEA,1,Теория,theory,,30,1,20
1,Глава 1. Java Metanit,5,Первая программа в IntelliJ IDEA,2,Квиз,test,quiz_single,45,1,10
1,Глава 1. Java Metanit,5,Первая программа в IntelliJ IDEA,3,Практика,practice,java_stdout,75,2,25
1,Глава 1. Java Metanit,6,Установка JDK,1,Теория,theory,,30,1,20
1,Глава 1. Java Metanit,6,Установка JDK,2,Квиз,test,quiz_single,45,1,10
1,Глава 1. Java Metanit,6,Установка JDK,3,Практика,practice,java_stdout,75,2,25
1,Глава 1. Java Metanit,7,JShell,1,Теория,theory,,30,1,20
1,Глава 1. Java Metanit,7,JShell,2,Квиз,test,quiz_single,45,1,10
1,Глава 1. Java Metanit,7,JShell,3,Практика,practice,java_stdout,75,2,25
2,Глава 2. Java Metanit,1,Переменные и константы,1,Теория,theory,,30,1,20
2,Глава 2. Java Metanit,1,Переменные и константы,2,Квиз,test,quiz_single,45,1,10
2,Глава 2. Java Metanit,1,Переменные и константы,3,Практика,practice,java_stdout,75,2,25
2,Глава 2. Java Metanit,2,Преобразования базовых типов данных,1,Теория,theory,,30,1,20
2,Глава 2. Java Metanit,2,Преобразования базовых типов данных,2,Квиз,test,quiz_single,45,1,10
2,Глава 2. Java Metanit,2,Преобразования базовых типов данных,3,Практика,practice,java_stdout,75,2,25
2,Глава 2. Java Metanit,3,Арифметические операции,1,Теория,theory,,30,1,20
2,Глава 2. Java Metanit,3,Арифметические операции,2,Квиз,test,quiz_single,45,1,10
2,Глава 2. Java Metanit,3,Арифметические операции,3,Практика,practice,java_stdout,75,2,25
2,Глава 2. Java Metanit,4,Массивы,1,Теория,theory,,30,1,20
2,Глава 2. Java Metanit,4,Массивы,2,Квиз,test,quiz_single,45,1,10
2,Глава 2. Java Metanit,4,Массивы,3,Практика,practice,java_stdout,75,2,25
2,Глава 2. Java Metanit,5,Условные конструкции,1,Теория,theory,,30,1,20
2,Глава 2. Java Metanit,5,Условные конструкции,2,Квиз,test,quiz_single,45,1,10
2,Глава 2. Java Metanit,5,Условные конструкции,3,Практика,practice,java_stdout,75,2,25
2,Глава 2. Java Metanit,6,Циклы,1,Теория,theory,,30,1,20
2,Глава 2. Java Metanit,6,Циклы,2,Квиз,test,quiz_single,45,1,10
2,Глава 2. Java Metanit,6,Циклы,3,Практика,practice,java_stdout,75,2,25
2,Глава 2. Java Metanit,7,Методы,1,Теория,theory,,30,1,20
2,Глава 2. Java Metanit,7,Методы,2,Квиз,test,quiz_single,45,1,10
2,Глава 2. Java Metanit,7,Методы,3,Практика,practice,java_stdout,75,2,25
2,Глава 2. Java Metanit,8,Рекурсивные функции,1,Теория,theory,,30,1,20
2,Глава 2. Java Metanit,8,Рекурсивные функции,2,Квиз,test,quiz_single,45,1,10
2,Глава 2. Java Metanit,8,Рекурсивные функции,3,Практика,practice,java_stdout,75,2,25
2,Глава 2. Java Metanit,9,Консольный ввод/вывод в Java,1,Теория,theory,,30,1,20
2,Глава 2. Java Metanit,9,Консольный ввод/вывод в Java,2,Квиз,test,quiz_single,45,1,10
2,Глава 2. Java Metanit,9,Консольный ввод/вывод в Java,3,Практика,practice,java_stdout,75,2,25
2,Глава 2. Java Metanit,10,Обработка исключений и конструкция try...catch...finally,1,Теория,theory,,30,1,20
2,Глава 2. Java Metanit,10,Обработка исключений и конструкция try...catch...finally,2,Квиз,test,quiz_single,45,1,10
2,Глава 2. Java Metanit,10,Обработка исключений и конструкция try...catch...finally,3,Практика,practice,java_stdout,75,2,25
2,Глава 2. Java Metanit,11,Структура программы на Java,1,Теория,theory,,30,1,20
2,Глава 2. Java Metanit,11,Структура программы на Java,2,Квиз,test,quiz_single,45,1,10
2,Глава 2. Java Metanit,11,Структура программы на Java,3,Практика,practice,java_stdout,75,2,25
2,Глава 2. Java Metanit,12,Типы данных,1,Теория,theory,,30,1,20
2,Глава 2. Java Metanit,12,Типы данных,2,Квиз,test,quiz_single,45,1,10
2,Глава 2. Java Metanit,12,Типы данных,3,Практика,practice,java_stdout,75,2,25
2,Глава 2. Java Metanit,13,Поразрядные операции,1,Теория,theory,,30,1,20
2,Глава 2. Java Metanit,13,Поразрядные операции,2,Квиз,test,quiz_single,45,1,10
2,Глава 2. Java Metanit,13,Поразрядные операции,3,Практика,practice,java_stdout,75,2,25
2,Глава 2. Java Metanit,14,Условные выражения,1,Теория,theory,,30,1,20
2,Глава 2. Java Metanit,14,Условные выражения,2,Квиз,test,quiz_single,45,1,10
2,Глава 2. Java Metanit,14,Условные выражения,3,Практика,practice,java_stdout,75,2,25
2,Глава 2. Java Metanit,15,Операции присваивания и приоритет операций,1,Теория,theory,,30,1,20
2,Глава 2. Java Metanit,15,Операции присваивания и приоритет операций,2,Квиз,test,quiz_single,45,1,10
2,Глава 2. Java Metanit,15,Операции присваивания и приоритет операций,3,Практика,practice,java_stdout,75,2,25
2,Глава 2. Java Metanit,16,Параметры методов,1,Теория,theory,,30,1,20
2,Глава 2. Java Metanit,16,Параметры методов,2,Квиз,test,quiz_single,45,1,10
2,Глава 2. Java Metanit,16,Параметры методов,3,Практика,practice,java_stdout,75,2,25
2,Глава 2. Java Metanit,17,Оператор return. Результат метода,1,Теория,theory,,30,1,20
2,Глава 2. Java Metanit,17,Оператор return. Результат метода,2,Квиз,test,quiz_single,45,1,10
2,Глава 2. Java Metanit,17,Оператор return. Результат метода,3,Практика,practice,java_stdout,75,2,25
2,Глава 2. Java Metanit,18,Перегрузка методов,1,Теория,theory,,30,1,20
2,Глава 2. Java Metanit,18,Перегрузка методов,2,Квиз,test,quiz_single,45,1,10
2,Глава 2. Java Metanit,18,Перегрузка методов,3,Практика,practice,java_stdout,75,2,25
2,Глава 2. Java Metanit,19,Литералы,1,Теория,theory,,30,1,20
2,Глава 2. Java Metanit,19,Литералы,2,Квиз,test,quiz_single,45,1,10
2,Глава 2. Java Metanit,19,Литералы,3,Практика,practice,java_stdout,75,2,25
2,Глава 2. Java Metanit,20,Конструкция и выражение switch,1,Теория,theory,,30,1,20
2,Глава 2. Java Metanit,20,Конструкция и выражение switch,2,Квиз,test,quiz_single,45,1,10
2,Глава 2. Java Metanit,20,Конструкция и выражение switch,3,Практика,practice,java_stdout,75,2,25
3,Глава 3. Java Metanit,1,Классы и объекты,1,Теория,theory,,30,1,20
3,Глава 3. Java Metanit,1,Классы и объекты,2,Квиз,test,quiz_single,45,1,10
3,Глава 3. Java Metanit,1,Классы и объекты,3,Практика,practice,java_stdout,75,2,25
3,Глава 3. Java Metanit,2,Пакеты,1,Теория,theory,,30,1,20
3,Глава 3. Java Metanit,2,Пакеты,2,Квиз,test,quiz_single,45,1,10
3,Глава 3. Java Metanit,2,Пакеты,3,Практика,practice,java_stdout,75,2,25
3,Глава 3. Java Metanit,3,Модификаторы доступа,1,Теория,theory,,30,1,20
3,Глава 3. Java Metanit,3,Модификаторы доступа,2,Квиз,test,quiz_single,45,1,10
3,Глава 3. Java Metanit,3,Модификаторы доступа,3,Практика,practice,java_stdout,75,2,25
3,Глава 3. Java Metanit,4,Статические компоненты класса и модификатор static,1,Теория,theory,,30,1,20
3,Глава 3. Java Metanit,4,Статические компоненты класса и модификатор static,2,Квиз,test,quiz_single,45,1,10
3,Глава 3. Java Metanit,4,Статические компоненты класса и модификатор static,3,Практика,practice,java_stdout,75,2,25
3,Глава 3. Java Metanit,5,Наследование,1,Теория,theory,,30,1,20
3,Глава 3. Java Metanit,5,Наследование,2,Квиз,test,quiz_single,45,1,10
3,Глава 3. Java Metanit,5,Наследование,3,Практика,practice,java_stdout,75,2,25
3,Глава 3. Java Metanit,6,Абстрактные классы,1,Теория,theory,,30,1,20
3,Глава 3. Java Metanit,6,Абстрактные классы,2,Квиз,test,quiz_single,45,1,10
3,Глава 3. Java Metanit,6,Абстрактные классы,3,Практика,practice,java_stdout,75,2,25
3,Глава 3. Java Metanit,7,Интерфейсы,1,Теория,theory,,30,1,20
3,Глава 3. Java Metanit,7,Интерфейсы,2,Квиз,test,quiz_single,45,1,10
3,Глава 3. Java Metanit,7,Интерфейсы,3,Практика,practice,java_stdout,75,2,25
3,Глава 3. Java Metanit,8,Перечисления enum,1,Теория,theory,,30,1,20
3,Глава 3. Java Metanit,8,Перечисления enum,2,Квиз,test,quiz_single,45,1,10
3,Глава 3. Java Metanit,8,Перечисления enum,3,Практика,practice,java_stdout,75,2,25
3,Глава 3. Java Metanit,9,Класс Object и его методы,1,Теория,theory,,30,1,20
3,Глава 3. Java Metanit,9,Класс Object и его методы,2,Квиз,test,quiz_single,45,1,10
3,Глава 3. Java Metanit,9,Класс Object и его методы,3,Практика,practice,java_stdout,75,2,25
3,Глава 3. Java Metanit,10,Иерархия наследования и преобразование типов,1,Теория,theory,,30,1,20
3,Глава 3. Java Metanit,10,Иерархия наследования и преобразование типов,2,Квиз,test,quiz_single,45,1,10
3,Глава 3. Java Metanit,10,Иерархия наследования и преобразование типов,3,Практика,practice,java_stdout,75,2,25
3,Глава 3. Java Metanit,11,Обобщения (Generics),1,Теория,theory,,30,1,20
3,Глава 3. Java Metanit,11,Обобщения (Generics),2,Квиз,test,quiz_single,45,1,10
3,Глава 3. Java Metanit,11,Обобщения (Generics),3,Практика,practice,java_stdout,75,2,25
3,Глава 3. Java Metanit,12,Внутренние и вложенные классы,1,Теория,theory,,30,1,20
3,Глава 3. Java Metanit,12,Внутренние и вложенные классы,2,Квиз,test,quiz_single,45,1,10
3,Глава 3. Java Metanit,12,Внутренние и вложенные классы,3,Практика,practice,java_stdout,75,2,25
3,Глава 3. Java Metanit,13,Ссылочные типы и копирование объектов,1,Теория,theory,,30,1,20
3,Глава 3. Java Metanit,13,Ссылочные типы и копирование объектов,2,Квиз,test,quiz_single,45,1,10
3,Глава 3. Java Metanit,13,Ссылочные типы и копирование объектов,3,Практика,practice,java_stdout,75,2,25
3,Глава 3. Java Metanit,14,Объекты как параметры методов,1,Теория,theory,,30,1,20
3,Глава 3. Java Metanit,14,Объекты как параметры методов,2,Квиз,test,quiz_single,45,1,10
3,Глава 3. Java Metanit,14,Объекты как параметры методов,3,Практика,practice,java_stdout,75,2,25
3,Глава 3. Java Metanit,15,Наследование и обобщения,1,Теория,theory,,30,1,20
3,Глава 3. Java Metanit,15,Наследование и обобщения,2,Квиз,test,quiz_single,45,1,10
3,Глава 3. Java Metanit,15,Наследование и обобщения,3,Практика,practice,java_stdout,75,2,25
3,Глава 3. Java Metanit,16,Интерфейсы в механизме обратного вызова,1,Теория,theory,,30,1,20
3,Глава 3. Java Metanit,16,Интерфейсы в механизме обратного вызова,2,Квиз,test,quiz_single,45,1,10
3,Глава 3. Java Metanit,16,Интерфейсы в механизме обратного вызова,3,Практика,practice,java_stdout,75,2,25
3,Глава 3. Java Metanit,17,Ограничения обобщений,1,Теория,theory,,30,1,20
3,Глава 3. Java Metanit,17,Ограничения обобщений,2,Квиз,test,quiz_single,45,1,10
3,Глава 3. Java Metanit,17,Ограничения обобщений,3,Практика,practice,java_stdout,75,2,25
3,Глава 3. Java Metanit,18,Классы Records,1,Теория,theory,,30,1,20
3,Глава 3. Java Metanit,18,Классы Records,2,Квиз,test,quiz_single,45,1,10
3,Глава 3. Java Metanit,18,Классы Records,3,Практика,practice,java_stdout,75,2,25
3,Глава 3. Java Metanit,19,Компактные файлы кода и метод main,1,Теория,theory,,30,1,20
3,Глава 3. Java Metanit,19,Компактные файлы кода и метод main,2,Квиз,test,quiz_single,45,1,10
3,Глава 3. Java Metanit,19,Компактные файлы кода и метод main,3,Практика,practice,java_stdout,75,2,25
3,Глава 3. Java Metanit,20,Область действия и время жизни переменных,1,Теория,theory,,30,1,20
3,Глава 3. Java Metanit,20,Область действия и время жизни переменных,2,Квиз,test,quiz_single,45,1,10
3,Глава 3. Java Metanit,20,Область действия и время жизни переменных,3,Практика,practice,java_stdout,75,2,25
3,Глава 3. Java Metanit,21,Конструкторы и инициализаторы,1,Теория,theory,,30,1,20
3,Глава 3. Java Metanit,21,Конструкторы и инициализаторы,2,Квиз,test,quiz_single,45,1,10
3,Глава 3. Java Metanit,21,Конструкторы и инициализаторы,3,Практика,practice,java_stdout,75,2,25
3,Глава 3. Java Metanit,22,Инкапсуляция,1,Теория,theory,,30,1,20
3,Глава 3. Java Metanit,22,Инкапсуляция,2,Квиз,test,quiz_single,45,1,10
3,Глава 3. Java Metanit,22,Инкапсуляция,3,Практика,practice,java_stdout,75,2,25
3,Глава 3. Java Metanit,23,Запрет наследования и переопределения методов,1,Теория,theory,,30,1,20
3,Глава 3. Java Metanit,23,Запрет наследования и переопределения методов,2,Квиз,test,quiz_single,45,1,10
3,Глава 3. Java Metanit,23,Запрет наследования и переопределения методов,3,Практика,practice,java_stdout,75,2,25
3,Глава 3. Java Metanit,24,Полиморфизм и динамическая диспетчеризация методов,1,Теория,theory,,30,1,20
3,Глава 3. Java Metanit,24,Полиморфизм и динамическая диспетчеризация методов,2,Квиз,test,quiz_single,45,1,10
3,Глава 3. Java Metanit,24,Полиморфизм и динамическая диспетчеризация методов,3,Практика,practice,java_stdout,75,2,25
3,Глава 3. Java Metanit,25,Sealed-классы и интерфейсы,1,Теория,theory,,30,1,20
3,Глава 3. Java Metanit,25,Sealed-классы и интерфейсы,2,Квиз,test,quiz_single,45,1,10
3,Глава 3. Java Metanit,25,Sealed-классы и интерфейсы,3,Практика,practice,java_stdout,75,2,25
3,Глава 3. Java Metanit,26,Pattern мatching. Паттерн типов,1,Теория,theory,,30,1,20
3,Глава 3. Java Metanit,26,Pattern мatching. Паттерн типов,2,Квиз,test,quiz_single,45,1,10
3,Глава 3. Java Metanit,26,Pattern мatching. Паттерн типов,3,Практика,practice,java_stdout,75,2,25
3,Глава 3. Java Metanit,27,Pattern мatching. record-паттерн,1,Теория,theory,,30,1,20
3,Глава 3. Java Metanit,27,Pattern мatching. record-паттерн,2,Квиз,test,quiz_single,45,1,10
3,Глава 3. Java Metanit,27,Pattern мatching. record-паттерн,3,Практика,practice,java_stdout,75,2,25
3,Глава 3. Java Metanit,28,Интерфейсы и полиморфизм,1,Теория,theory,,30,1,20
3,Глава 3. Java Metanit,28,Интерфейсы и полиморфизм,2,Квиз,test,quiz_single,45,1,10
3,Глава 3. Java Metanit,28,Интерфейсы и полиморфизм,3,Практика,practice,java_stdout,75,2,25
3,Глава 3. Java Metanit,29,Множественная реализация и наследование интерфейсов,1,Теория,theory,,30,1,20
3,Глава 3. Java Metanit,29,Множественная реализация и наследование интерфейсов,2,Квиз,test,quiz_single,45,1,10
3,Глава 3. Java Metanit,29,Множественная реализация и наследование интерфейсов,3,Практика,practice,java_stdout,75,2,25
3,Глава 3. Java Metanit,30,Анонимные классы,1,Теория,theory,,30,1,20
3,Глава 3. Java Metanit,30,Анонимные классы,2,Квиз,test,quiz_single,45,1,10
3,Глава 3. Java Metanit,30,Анонимные классы,3,Практика,practice,java_stdout,75,2,25
3,Глава 3. Java Metanit,31,Type Erasure (Стирание типов),1,Теория,theory,,30,1,20
3,Глава 3. Java Metanit,31,Type Erasure (Стирание типов),2,Квиз,test,quiz_single,45,1,10
3,Глава 3. Java Metanit,31,Type Erasure (Стирание типов),3,Практика,practice,java_stdout,75,2,25
3,Глава 3. Java Metanit,32,Подстановочные знаки wildcards в обобщениях,1,Теория,theory,,30,1,20
3,Глава 3. Java Metanit,32,Подстановочные знаки wildcards в обобщениях,2,Квиз,test,quiz_single,45,1,10
3,Глава 3. Java Metanit,32,Подстановочные знаки wildcards в обобщениях,3,Практика,practice,java_stdout,75,2,25
4,Глава 4. Java Metanit,1,Оператор throws и throw,1,Теория,theory,,30,1,20
4,Глава 4. Java Metanit,1,Оператор throws и throw,2,Квиз,test,quiz_single,45,1,10
4,Глава 4. Java Metanit,1,Оператор throws и throw,3,Практика,practice,java_stdout,75,2,25
4,Глава 4. Java Metanit,2,Классы исключений,1,Теория,theory,,30,1,20
4,Глава 4. Java Metanit,2,Классы исключений,2,Квиз,test,quiz_single,45,1,10
4,Глава 4. Java Metanit,2,Классы исключений,3,Практика,practice,java_stdout,75,2,25
4,Глава 4. Java Metanit,3,Создание своих классов исключений,1,Теория,theory,,30,1,20
4,Глава 4. Java Metanit,3,Создание своих классов исключений,2,Квиз,test,quiz_single,45,1,10
4,Глава 4. Java Metanit,3,Создание своих классов исключений,3,Практика,practice,java_stdout,75,2,25
4,Глава 4. Java Metanit,4,Assert,1,Теория,theory,,30,1,20
4,Глава 4. Java Metanit,4,Assert,2,Квиз,test,quiz_single,45,1,10
4,Глава 4. Java Metanit,4,Assert,3,Практика,practice,java_stdout,75,2,25
5,Глава 5. Java Metanit,1,Типы коллекций. Интерфейс Collection,1,Теория,theory,,30,1,20
5,Глава 5. Java Metanit,1,Типы коллекций. Интерфейс Collection,2,Квиз,test,quiz_single,45,1,10
5,Глава 5. Java Metanit,1,Типы коллекций. Интерфейс Collection,3,Практика,practice,java_stdout,75,2,25
5,Глава 5. Java Metanit,2,Класс ArrayList и интерфейс List,1,Теория,theory,,30,1,20
5,Глава 5. Java Metanit,2,Класс ArrayList и интерфейс List,2,Квиз,test,quiz_single,45,1,10
5,Глава 5. Java Metanit,2,Класс ArrayList и интерфейс List,3,Практика,practice,java_stdout,75,2,25
5,Глава 5. Java Metanit,3,Связанный список LinkedList,1,Теория,theory,,30,1,20
5,Глава 5. Java Metanit,3,Связанный список LinkedList,2,Квиз,test,quiz_single,45,1,10
5,Глава 5. Java Metanit,3,Связанный список LinkedList,3,Практика,practice,java_stdout,75,2,25
5,Глава 5. Java Metanit,4,Интерфейс Set и хеш-таблицы HashSet,1,Теория,theory,,30,1,20
5,Глава 5. Java Metanit,4,Интерфейс Set и хеш-таблицы HashSet,2,Квиз,test,quiz_single,45,1,10
5,Глава 5. Java Metanit,4,Интерфейс Set и хеш-таблицы HashSet,3,Практика,practice,java_stdout,75,2,25
5,Глава 5. Java Metanit,5,Деревья TreeSet и интерфейсы SortedSet и NavigableSet,1,Теория,theory,,30,1,20
5,Глава 5. Java Metanit,5,Деревья TreeSet и интерфейсы SortedSet и NavigableSet,2,Квиз,test,quiz_single,45,1,10
5,Глава 5. Java Metanit,5,Деревья TreeSet и интерфейсы SortedSet и NavigableSet,3,Практика,practice,java_stdout,75,2,25
5,Глава 5. Java Metanit,6,Интерфейсы Comparable и Comparator. Сортировка,1,Теория,theory,,30,1,20
5,Глава 5. Java Metanit,6,Интерфейсы Comparable и Comparator. Сортировка,2,Квиз,test,quiz_single,45,1,10
5,Глава 5. Java Metanit,6,Интерфейсы Comparable и Comparator. Сортировка,3,Практика,practice,java_stdout,75,2,25
5,Глава 5. Java Metanit,7,Очереди и стеки. Классы ArrayDeque и PriorityQueue,1,Теория,theory,,30,1,20
5,Глава 5. Java Metanit,7,Очереди и стеки. Классы ArrayDeque и PriorityQueue,2,Квиз,test,quiz_single,45,1,10
5,Глава 5. Java Metanit,7,Очереди и стеки. Классы ArrayDeque и PriorityQueue,3,Практика,practice,java_stdout,75,2,25
5,Глава 5. Java Metanit,8,Словари. Интерфейс Map и класс HashMap,1,Теория,theory,,30,1,20
5,Глава 5. Java Metanit,8,Словари. Интерфейс Map и класс HashMap,2,Квиз,test,quiz_single,45,1,10
5,Глава 5. Java Metanit,8,Словари. Интерфейс Map и класс HashMap,3,Практика,practice,java_stdout,75,2,25
5,Глава 5. Java Metanit,9,Интерфейсы SortedMap и NavigableMap. Класс TreeMap,1,Теория,theory,,30,1,20
5,Глава 5. Java Metanit,9,Интерфейсы SortedMap и NavigableMap. Класс TreeMap,2,Квиз,test,quiz_single,45,1,10
5,Глава 5. Java Metanit,9,Интерфейсы SortedMap и NavigableMap. Класс TreeMap,3,Практика,practice,java_stdout,75,2,25
5,Глава 5. Java Metanit,10,Итераторы. Iterator и Iterable,1,Теория,theory,,30,1,20
5,Глава 5. Java Metanit,10,Итераторы. Iterator и Iterable,2,Квиз,test,quiz_single,45,1,10
5,Глава 5. Java Metanit,10,Итераторы. Iterator и Iterable,3,Практика,practice,java_stdout,75,2,25
6,Глава 6. Java Metanit,1,Потоки ввода-вывода. Работа с файлами,1,Теория,theory,,30,1,20
6,Глава 6. Java Metanit,1,Потоки ввода-вывода. Работа с файлами,2,Квиз,test,quiz_single,45,1,10
6,Глава 6. Java Metanit,1,Потоки ввода-вывода. Работа с файлами,3,Практика,practice,java_stdout,75,2,25
6,Глава 6. Java Metanit,2,Закрытие потоков и конструкция try-с-ресурсами,1,Теория,theory,,30,1,20
6,Глава 6. Java Metanit,2,Закрытие потоков и конструкция try-с-ресурсами,2,Квиз,test,quiz_single,45,1,10
6,Глава 6. Java Metanit,2,Закрытие потоков и конструкция try-с-ресурсами,3,Практика,practice,java_stdout,75,2,25
6,Глава 6. Java Metanit,3,Чтение и запись файлов. FileInputStream и FileOutputStream,1,Теория,theory,,30,1,20
6,Глава 6. Java Metanit,3,Чтение и запись файлов. FileInputStream и FileOutputStream,2,Квиз,test,quiz_single,45,1,10
6,Глава 6. Java Metanit,3,Чтение и запись файлов. FileInputStream и FileOutputStream,3,Практика,practice,java_stdout,75,2,25
6,Глава 6. Java Metanit,4,Классы ByteArrayInputStream и ByteArrayOutputStream,1,Теория,theory,,30,1,20
6,Глава 6. Java Metanit,4,Классы ByteArrayInputStream и ByteArrayOutputStream,2,Квиз,test,quiz_single,45,1,10
6,Глава 6. Java Metanit,4,Классы ByteArrayInputStream и ByteArrayOutputStream,3,Практика,practice,java_stdout,75,2,25
6,Глава 6. Java Metanit,5,Буферизованные потоки BufferedInputStream и BufferedOutputStream,1,Теория,theory,,30,1,20
6,Глава 6. Java Metanit,5,Буферизованные потоки BufferedInputStream и BufferedOutputStream,2,Квиз,test,quiz_single,45,1,10
6,Глава 6. Java Metanit,5,Буферизованные потоки BufferedInputStream и BufferedOutputStream,3,Практика,practice,java_stdout,75,2,25
6,Глава 6. Java Metanit,6,Форматируемый ввод и вывод. PrintStream и PrintWriter,1,Теория,theory,,30,1,20
6,Глава 6. Java Metanit,6,Форматируемый ввод и вывод. PrintStream и PrintWriter,2,Квиз,test,quiz_single,45,1,10
6,Глава 6. Java Metanit,6,Форматируемый ввод и вывод. PrintStream и PrintWriter,3,Практика,practice,java_stdout,75,2,25
6,Глава 6. Java Metanit,7,Классы DataOutputStream и DataInputStream,1,Теория,theory,,30,1,20
6,Глава 6. Java Metanit,7,Классы DataOutputStream и DataInputStream,2,Квиз,test,quiz_single,45,1,10
6,Глава 6. Java Metanit,7,Классы DataOutputStream и DataInputStream,3,Практика,practice,java_stdout,75,2,25
6,Глава 6. Java Metanit,8,Чтение и запись текстовых файлов,1,Теория,theory,,30,1,20
6,Глава 6. Java Metanit,8,Чтение и запись текстовых файлов,2,Квиз,test,quiz_single,45,1,10
6,Глава 6. Java Metanit,8,Чтение и запись текстовых файлов,3,Практика,practice,java_stdout,75,2,25
6,Глава 6. Java Metanit,9,Буферизация символьных потоков. BufferedReader и BufferedWriter,1,Теория,theory,,30,1,20
6,Глава 6. Java Metanit,9,Буферизация символьных потоков. BufferedReader и BufferedWriter,2,Квиз,test,quiz_single,45,1,10
6,Глава 6. Java Metanit,9,Буферизация символьных потоков. BufferedReader и BufferedWriter,3,Практика,practice,java_stdout,75,2,25
6,Глава 6. Java Metanit,10,Сериализация,1,Теория,theory,,30,1,20
6,Глава 6. Java Metanit,10,Сериализация,2,Квиз,test,quiz_single,45,1,10
6,Глава 6. Java Metanit,10,Сериализация,3,Практика,practice,java_stdout,75,2,25
6,Глава 6. Java Metanit,11,Класс File. Работа с файлами и каталогами,1,Теория,theory,,30,1,20
6,Глава 6. Java Metanit,11,Класс File. Работа с файлами и каталогами,2,Квиз,test,quiz_single,45,1,10
6,Глава 6. Java Metanit,11,Класс File. Работа с файлами и каталогами,3,Практика,practice,java_stdout,75,2,25
6,Глава 6. Java Metanit,12,Работа с ZIP-архивами,1,Теория,theory,,30,1,20
6,Глава 6. Java Metanit,12,Работа с ZIP-архивами,2,Квиз,test,quiz_single,45,1,10
6,Глава 6. Java Metanit,12,Работа с ZIP-архивами,3,Практика,practice,java_stdout,75,2,25
6,Глава 6. Java Metanit,13,Класс Console,1,Теория,theory,,30,1,20
6,Глава 6. Java Metanit,13,Класс Console,2,Квиз,test,quiz_single,45,1,10
6,Глава 6. Java Metanit,13,Класс Console,3,Практика,practice,java_stdout,75,2,25
7,Глава 7. Java Metanit,1,Введение в строки. Класс String,1,Теория,theory,,30,1,20
7,Глава 7. Java Metanit,1,Введение в строки. Класс String,2,Квиз,test,quiz_single,45,1,10
7,Глава 7. Java Metanit,1,Введение в строки. Класс String,3,Практика,practice,java_stdout,75,2,25
7,Глава 7. Java Metanit,2,Основные операции со строками,1,Теория,theory,,30,1,20
7,Глава 7. Java Metanit,2,Основные операции со строками,2,Квиз,test,quiz_single,45,1,10
7,Глава 7. Java Metanit,2,Основные операции со строками,3,Практика,practice,java_stdout,75,2,25
7,Глава 7. Java Metanit,3,StringBuffer и StringBuilder,1,Теория,theory,,30,1,20
7,Глава 7. Java Metanit,3,StringBuffer и StringBuilder,2,Квиз,test,quiz_single,45,1,10
7,Глава 7. Java Metanit,3,StringBuffer и StringBuilder,3,Практика,practice,java_stdout,75,2,25
7,Глава 7. Java Metanit,4,Регулярные выражения,1,Теория,theory,,30,1,20
7,Глава 7. Java Metanit,4,Регулярные выражения,2,Квиз,test,quiz_single,45,1,10
7,Глава 7. Java Metanit,4,Регулярные выражения,3,Практика,practice,java_stdout,75,2,25
8,Глава 8. Java Metanit,1,Многопоточное программирование и класс Thread,1,Теория,theory,,30,1,20
8,Глава 8. Java Metanit,1,Многопоточное программирование и класс Thread,2,Квиз,test,quiz_single,45,1,10
8,Глава 8. Java Metanit,1,Многопоточное программирование и класс Thread,3,Практика,practice,java_stdout,75,2,25
8,Глава 8. Java Metanit,2,Создание и выполнение потоков,1,Теория,theory,,30,1,20
8,Глава 8. Java Metanit,2,Создание и выполнение потоков,2,Квиз,test,quiz_single,45,1,10
8,Глава 8. Java Metanit,2,Создание и выполнение потоков,3,Практика,practice,java_stdout,75,2,25
8,Глава 8. Java Metanit,3,Синхронизация потоков. Оператор synchronized,1,Теория,theory,,30,1,20
8,Глава 8. Java Metanit,3,Синхронизация потоков. Оператор synchronized,2,Квиз,test,quiz_single,45,1,10
8,Глава 8. Java Metanit,3,Синхронизация потоков. Оператор synchronized,3,Практика,practice,java_stdout,75,2,25
8,Глава 8. Java Metanit,4,Завершение и прерывание потока,1,Теория,theory,,30,1,20
8,Глава 8. Java Metanit,4,Завершение и прерывание потока,2,Квиз,test,quiz_single,45,1,10
8,Глава 8. Java Metanit,4,Завершение и прерывание потока,3,Практика,practice,java_stdout,75,2,25
8,Глава 8. Java Metanit,5,Взаимодействие потоков. Методы wait и notify,1,Теория,theory,,30,1,20
8,Глава 8. Java Metanit,5,Взаимодействие потоков. Методы wait и notify,2,Квиз,test,quiz_single,45,1,10
8,Глава 8. Java Metanit,5,Взаимодействие потоков. Методы wait и notify,3,Практика,practice,java_stdout,75,2,25
8,Глава 8. Java Metanit,6,Семафоры,1,Теория,theory,,30,1,20
8,Глава 8. Java Metanit,6,Семафоры,2,Квиз,test,quiz_single,45,1,10
8,Глава 8. Java Metanit,6,Семафоры,3,Практика,practice,java_stdout,75,2,25
8,Глава 8. Java Metanit,7,Обмен между потоками. Класс Exchanger,1,Теория,theory,,30,1,20
8,Глава 8. Java Metanit,7,Обмен между потоками. Класс Exchanger,2,Квиз,test,quiz_single,45,1,10
8,Глава 8. Java Metanit,7,Обмен между потоками. Класс Exchanger,3,Практика,practice,java_stdout,75,2,25
8,Глава 8. Java Metanit,8,Класс Phaser,1,Теория,theory,,30,1,20
8,Глава 8. Java Metanit,8,Класс Phaser,2,Квиз,test,quiz_single,45,1,10
8,Глава 8. Java Metanit,8,Класс Phaser,3,Практика,practice,java_stdout,75,2,25
8,Глава 8. Java Metanit,9,Блокировки. ReentrantLock,1,Теория,theory,,30,1,20
8,Глава 8. Java Metanit,9,Блокировки. ReentrantLock,2,Квиз,test,quiz_single,45,1,10
8,Глава 8. Java Metanit,9,Блокировки. ReentrantLock,3,Практика,practice,java_stdout,75,2,25
8,Глава 8. Java Metanit,10,Условия в блокировках,1,Теория,theory,,30,1,20
8,Глава 8. Java Metanit,10,Условия в блокировках,2,Квиз,test,quiz_single,45,1,10
8,Глава 8. Java Metanit,10,Условия в блокировках,3,Практика,practice,java_stdout,75,2,25
8,Глава 8. Java Metanit,11,Управление потоками,1,Теория,theory,,30,1,20
8,Глава 8. Java Metanit,11,Управление потоками,2,Квиз,test,quiz_single,45,1,10
8,Глава 8. Java Metanit,11,Управление потоками,3,Практика,practice,java_stdout,75,2,25
8,Глава 8. Java Metanit,12,Виртуальные потоки,1,Теория,theory,,30,1,20
8,Глава 8. Java Metanit,12,Виртуальные потоки,2,Квиз,test,quiz_single,45,1,10
8,Глава 8. Java Metanit,12,Виртуальные потоки,3,Практика,practice,java_stdout,75,2,25
8,Глава 8. Java Metanit,13,Асинхронные задачи FutureTask. Callable и Future,1,Теория,theory,,30,1,20
8,Глава 8. Java Metanit,13,Асинхронные задачи FutureTask. Callable и Future,2,Квиз,test,quiz_single,45,1,10
8,Глава 8. Java Metanit,13,Асинхронные задачи FutureTask. Callable и Future,3,Практика,practice,java_stdout,75,2,25
8,Глава 8. Java Metanit,14,Executor - исполнитель задач,1,Теория,theory,,30,1,20
8,Глава 8. Java Metanit,14,Executor - исполнитель задач,2,Квиз,test,quiz_single,45,1,10
8,Глава 8. Java Metanit,14,Executor - исполнитель задач,3,Практика,practice,java_stdout,75,2,25
8,Глава 8. Java Metanit,15,Координация выполнения асинхронных задач,1,Теория,theory,,30,1,20
8,Глава 8. Java Metanit,15,Координация выполнения асинхронных задач,2,Квиз,test,quiz_single,45,1,10
8,Глава 8. Java Metanit,15,Координация выполнения асинхронных задач,3,Практика,practice,java_stdout,75,2,25
8,Глава 8. Java Metanit,16,Переменные volatile,1,Теория,theory,,30,1,20
8,Глава 8. Java Metanit,16,Переменные volatile,2,Квиз,test,quiz_single,45,1,10
8,Глава 8. Java Metanit,16,Переменные volatile,3,Практика,practice,java_stdout,75,2,25
8,Глава 8. Java Metanit,17,Атомарность и Atomics. Потокобезопасность без блокировок,1,Теория,theory,,30,1,20
8,Глава 8. Java Metanit,17,Атомарность и Atomics. Потокобезопасность без блокировок,2,Квиз,test,quiz_single,45,1,10
8,Глава 8. Java Metanit,17,Атомарность и Atomics. Потокобезопасность без блокировок,3,Практика,practice,java_stdout,75,2,25
8,Глава 8. Java Metanit,18,CompletableFuture и промисы. Обработка результата асинхронных задач,1,Теория,theory,,30,1,20
8,Глава 8. Java Metanit,18,CompletableFuture и промисы. Обработка результата асинхронных задач,2,Квиз,test,quiz_single,45,1,10
8,Глава 8. Java Metanit,18,CompletableFuture и промисы. Обработка результата асинхронных задач,3,Практика,practice,java_stdout,75,2,25
8,Глава 8. Java Metanit,19,"CompletableFuture, обработка ошибок и завершения асинхронных задач",1,Теория,theory,,30,1,20
8,Глава 8. Java Metanit,19,"CompletableFuture, обработка ошибок и завершения асинхронных задач",2,Квиз,test,quiz_single,45,1,10
8,Глава 8. Java Metanit,19,"CompletableFuture, обработка ошибок и завершения асинхронных задач",3,Практика,practice,java_stdout,75,2,25
9,Глава 9. Java Metanit,1,Введение в лямбда-выражения,1,Теория,theory,,30,1,20
9,Глава 9. Java Metanit,1,Введение в лямбда-выражения,2,Квиз,test,quiz_single,45,1,10
9,Глава 9. Java Metanit,1,Введение в лямбда-выражения,3,Практика,practice,java_stdout,75,2,25
9,Глава 9. Java Metanit,2,Лямбды как параметры и результаты методов,1,Теория,theory,,30,1,20
9,Глава 9. Java Metanit,2,Лямбды как параметры и результаты методов,2,Квиз,test,quiz_single,45,1,10
9,Глава 9. Java Metanit,2,Лямбды как параметры и результаты методов,3,Практика,practice,java_stdout,75,2,25
9,Глава 9. Java Metanit,3,Встроенные функциональные интерфейсы,1,Теория,theory,,30,1,20
9,Глава 9. Java Metanit,3,Встроенные функциональные интерфейсы,2,Квиз,test,quiz_single,45,1,10
9,Глава 9. Java Metanit,3,Встроенные функциональные интерфейсы,3,Практика,practice,java_stdout,75,2,25
9,Глава 9. Java Metanit,4,Функциональные интерфейсы и ссылки на методы,1,Теория,theory,,30,1,20
9,Глава 9. Java Metanit,4,Функциональные интерфейсы и ссылки на методы,2,Квиз,test,quiz_single,45,1,10
9,Глава 9. Java Metanit,4,Функциональные интерфейсы и ссылки на методы,3,Практика,practice,java_stdout,75,2,25
10,Глава 10. Java Metanit,1,Stream API,1,Теория,theory,,30,1,20
10,Глава 10. Java Metanit,1,Stream API,2,Квиз,test,quiz_single,45,1,10
10,Глава 10. Java Metanit,1,Stream API,3,Практика,practice,java_stdout,75,2,25
10,Глава 10. Java Metanit,2,Создание потока данных,1,Теория,theory,,30,1,20
10,Глава 10. Java Metanit,2,Создание потока данных,2,Квиз,test,quiz_single,45,1,10
10,Глава 10. Java Metanit,2,Создание потока данных,3,Практика,practice,java_stdout,75,2,25
10,Глава 10. Java Metanit,3,"Фильтрация, перебор элементов и отображение",1,Теория,theory,,30,1,20
10,Глава 10. Java Metanit,3,"Фильтрация, перебор элементов и отображение",2,Квиз,test,quiz_single,45,1,10
10,Глава 10. Java Metanit,3,"Фильтрация, перебор элементов и отображение",3,Практика,practice,java_stdout,75,2,25
10,Глава 10. Java Metanit,4,Методы skip и limit,1,Теория,theory,,30,1,20
10,Глава 10. Java Metanit,4,Методы skip и limit,2,Квиз,test,quiz_single,45,1,10
10,Глава 10. Java Metanit,4,Методы skip и limit,3,Практика,practice,java_stdout,75,2,25
10,Глава 10. Java Metanit,5,Метод reduce,1,Теория,theory,,30,1,20
10,Глава 10. Java Metanit,5,Метод reduce,2,Квиз,test,quiz_single,45,1,10
10,Глава 10. Java Metanit,5,Метод reduce,3,Практика,practice,java_stdout,75,2,25
10,Глава 10. Java Metanit,6,Метод collect,1,Теория,theory,,30,1,20
10,Глава 10. Java Metanit,6,Метод collect,2,Квиз,test,quiz_single,45,1,10
10,Глава 10. Java Metanit,6,Метод collect,3,Практика,practice,java_stdout,75,2,25
10,Глава 10. Java Metanit,7,Группировка,1,Теория,theory,,30,1,20
10,Глава 10. Java Metanit,7,Группировка,2,Квиз,test,quiz_single,45,1,10
10,Глава 10. Java Metanit,7,Группировка,3,Практика,practice,java_stdout,75,2,25
10,Глава 10. Java Metanit,8,Сортировка,1,Теория,theory,,30,1,20
10,Глава 10. Java Metanit,8,Сортировка,2,Квиз,test,quiz_single,45,1,10
10,Глава 10. Java Metanit,8,Сортировка,3,Практика,practice,java_stdout,75,2,25
10,Глава 10. Java Metanit,9,Параллельные потоки,1,Теория,theory,,30,1,20
10,Глава 10. Java Metanit,9,Параллельные потоки,2,Квиз,test,quiz_single,45,1,10
10,Глава 10. Java Metanit,9,Параллельные потоки,3,Практика,practice,java_stdout,75,2,25
10,Глава 10. Java Metanit,10,Параллельные операции над массивами,1,Теория,theory,,30,1,20
10,Глава 10. Java Metanit,10,Параллельные операции над массивами,2,Квиз,test,quiz_single,45,1,10
10,Глава 10. Java Metanit,10,Параллельные операции над массивами,3,Практика,practice,java_stdout,75,2,25
10,Глава 10. Java Metanit,11,Операции сведения,1,Теория,theory,,30,1,20
10,Глава 10. Java Metanit,11,Операции сведения,2,Квиз,test,quiz_single,45,1,10
10,Глава 10. Java Metanit,11,Операции сведения,3,Практика,practice,java_stdout,75,2,25
10,Глава 10. Java Metanit,12,Тип Optional,1,Теория,theory,,30,1,20
10,Глава 10. Java Metanit,12,Тип Optional,2,Квиз,test,quiz_single,45,1,10
10,Глава 10. Java Metanit,12,Тип Optional,3,Практика,practice,java_stdout,75,2,25
10,Глава 10. Java Metanit,13,Получение подпотока и объединение потоков,1,Теория,theory,,30,1,20
10,Глава 10. Java Metanit,13,Получение подпотока и объединение потоков,2,Квиз,test,quiz_single,45,1,10
10,Глава 10. Java Metanit,13,Получение подпотока и объединение потоков,3,Практика,practice,java_stdout,75,2,25
11,Глава 11. Java Metanit,1,Модульность,1,Теория,theory,,30,1,20
11,Глава 11. Java Metanit,1,Модульность,2,Квиз,test,quiz_single,45,1,10
11,Глава 11. Java Metanit,1,Модульность,3,Практика,practice,java_stdout,75,2,25
11,Глава 11. Java Metanit,2,Зависимые модули,1,Теория,theory,,30,1,20
11,Глава 11. Java Metanit,2,Зависимые модули,2,Квиз,test,quiz_single,45,1,10
11,Глава 11. Java Metanit,2,Зависимые модули,3,Практика,practice,java_stdout,75,2,25
11,Глава 11. Java Metanit,3,Взаимодействие между модулями. Экспорт и импорт,1,Теория,theory,,30,1,20
11,Глава 11. Java Metanit,3,Взаимодействие между модулями. Экспорт и импорт,2,Квиз,test,quiz_single,45,1,10
11,Глава 11. Java Metanit,3,Взаимодействие между модулями. Экспорт и импорт,3,Практика,practice,java_stdout,75,2,25
12,Глава 12. Java Metanit,1,Математические вычисления и класс Math,1,Теория,theory,,30,1,20
12,Глава 12. Java Metanit,1,Математические вычисления и класс Math,2,Квиз,test,quiz_single,45,1,10
12,Глава 12. Java Metanit,1,Математические вычисления и класс Math,3,Практика,practice,java_stdout,75,2,25
12,Глава 12. Java Metanit,2,Большие числа BigInteger и BigDecimal,1,Теория,theory,,30,1,20
12,Глава 12. Java Metanit,2,Большие числа BigInteger и BigDecimal,2,Квиз,test,quiz_single,45,1,10
12,Глава 12. Java Metanit,2,Большие числа BigInteger и BigDecimal,3,Практика,practice,java_stdout,75,2,25
12,Глава 12. Java Metanit,3,Работа с датами. LocalDate,1,Теория,theory,,30,1,20
12,Глава 12. Java Metanit,3,Работа с датами. LocalDate,2,Квиз,test,quiz_single,45,1,10
12,Глава 12. Java Metanit,3,Работа с датами. LocalDate,3,Практика,practice,java_stdout,75,2,25
12,Глава 12. Java Metanit,4,Процессы. Process и ProcessBuilder,1,Теория,theory,,30,1,20
12,Глава 12. Java Metanit,4,Процессы. Process и ProcessBuilder,2,Квиз,test,quiz_single,45,1,10
12,Глава 12. Java Metanit,4,Процессы. Process и ProcessBuilder,3,Практика,practice,java_stdout,75,2,25
13,Глава 13. Java Metanit,1,"Файлы JAR, их создание и выполнение",1,Теория,theory,,30,1,20
13,Глава 13. Java Metanit,1,"Файлы JAR, их создание и выполнение",2,Квиз,test,quiz_single,45,1,10
13,Глава 13. Java Metanit,1,"Файлы JAR, их создание и выполнение",3,Практика,practice,java_stdout,75,2,25
13,Глава 13. Java Metanit,2,Создание и подключение библиотеки,1,Теория,theory,,30,1,20
13,Глава 13. Java Metanit,2,Создание и подключение библиотеки,2,Квиз,test,quiz_single,45,1,10
13,Глава 13. Java Metanit,2,Создание и подключение библиотеки,3,Практика,practice,java_stdout,75,2,25
13,Глава 13. Java Metanit,3,Установка пути к классам,1,Теория,theory,,30,1,20
13,Глава 13. Java Metanit,3,Установка пути к классам,2,Квиз,test,quiz_single,45,1,10
13,Глава 13. Java Metanit,3,Установка пути к классам,3,Практика,practice,java_stdout,75,2,25
13,Глава 13. Java Metanit,4,Модульный jar-файл,1,Теория,theory,,30,1,20
13,Глава 13. Java Metanit,4,Модульный jar-файл,2,Квиз,test,quiz_single,45,1,10
13,Глава 13. Java Metanit,4,Модульный jar-файл,3,Практика,practice,java_stdout,75,2,25
14,Глава 14. Java Metanit,1,Введение в рефлексию. Класс Class,1,Теория,theory,,30,1,20
14,Глава 14. Java Metanit,1,Введение в рефлексию. Класс Class,2,Квиз,test,quiz_single,45,1,10
14,Глава 14. Java Metanit,1,Введение в рефлексию. Класс Class,3,Практика,practice,java_stdout,75,2,25
14,Глава 14. Java Metanit,2,Исследование типов,1,Теория,theory,,30,1,20
14,Глава 14. Java Metanit,2,Исследование типов,2,Квиз,test,quiz_single,45,1,10
14,Глава 14. Java Metanit,2,Исследование типов,3,Практика,practice,java_stdout,75,2,25
14,Глава 14. Java Metanit,3,Поля класса и класс Field,1,Теория,theory,,30,1,20
14,Глава 14. Java Metanit,3,Поля класса и класс Field,2,Квиз,test,quiz_single,45,1,10
14,Глава 14. Java Metanit,3,Поля класса и класс Field,3,Практика,practice,java_stdout,75,2,25
14,Глава 14. Java Metanit,4,Модификаторы доступа и класс Modifier,1,Теория,theory,,30,1,20
14,Глава 14. Java Metanit,4,Модификаторы доступа и класс Modifier,2,Квиз,test,quiz_single,45,1,10
14,Глава 14. Java Metanit,4,Модификаторы доступа и класс Modifier,3,Практика,practice,java_stdout,75,2,25
14,Глава 14. Java Metanit,5,Класс Constructor и cоздание объектов,1,Теория,theory,,30,1,20
14,Глава 14. Java Metanit,5,Класс Constructor и cоздание объектов,2,Квиз,test,quiz_single,45,1,10
14,Глава 14. Java Metanit,5,Класс Constructor и cоздание объектов,3,Практика,practice,java_stdout,75,2,25
14,Глава 14. Java Metanit,6,Методы и класс Method,1,Теория,theory,,30,1,20
14,Глава 14. Java Metanit,6,Методы и класс Method,2,Квиз,test,quiz_single,45,1,10
14,Глава 14. Java Metanit,6,Методы и класс Method,3,Практика,practice,java_stdout,75,2,25
14,Глава 14. Java Metanit,7,Proxy (Прокси),1,Теория,theory,,30,1,20
14,Глава 14. Java Metanit,7,Proxy (Прокси),2,Квиз,test,quiz_single,45,1,10
14,Глава 14. Java Metanit,7,Proxy (Прокси),3,Практика,practice,java_stdout,75,2,25
15,Глава 15. Java Metanit,1,Введение в аннотации,1,Теория,theory,,30,1,20
15,Глава 15. Java Metanit,1,Введение в аннотации,2,Квиз,test,quiz_single,45,1,10
15,Глава 15. Java Metanit,1,Введение в аннотации,3,Практика,practice,java_stdout,75,2,25
15,Глава 15. Java Metanit,2,Создание и применение аннотаций,1,Теория,theory,,30,1,20
15,Глава 15. Java Metanit,2,Создание и применение аннотаций,2,Квиз,test,quiz_single,45,1,10
15,Глава 15. Java Metanit,2,Создание и применение аннотаций,3,Практика,practice,java_stdout,75,2,25
15,Глава 15. Java Metanit,3,Обработка аннотаций во время выполнения,1,Теория,theory,,30,1,20
15,Глава 15. Java Metanit,3,Обработка аннотаций во время выполнения,2,Квиз,test,quiz_single,45,1,10
15,Глава 15. Java Metanit,3,Обработка аннотаций во время выполнения,3,Практика,practice,java_stdout,75,2,25
16,Глава 16. Java Metanit,1,Java Native Interface (JNI),1,Теория,theory,,30,1,20
16,Глава 16. Java Metanit,1,Java Native Interface (JNI),2,Квиз,test,quiz_single,45,1,10
16,Глава 16. Java Metanit,1,Java Native Interface (JNI),3,Практика,practice,java_stdout,75,2,25
16,Глава 16. Java Metanit,2,Foreign Functions и Memory API,1,Теория,theory,,30,1,20
16,Глава 16. Java Metanit,2,Foreign Functions и Memory API,2,Квиз,test,quiz_single,45,1,10
16,Глава 16. Java Metanit,2,Foreign Functions и Memory API,3,Практика,practice,java_stdout,75,2,25
16,Глава 16. Java Metanit,3,Арена и сегменты памяти MemorySegment,1,Теория,theory,,30,1,20
16,Глава 16. Java Metanit,3,Арена и сегменты памяти MemorySegment,2,Квиз,test,quiz_single,45,1,10
16,Глава 16. Java Metanit,3,Арена и сегменты памяти MemorySegment,3,Практика,practice,java_stdout,75,2,25
16,Глава 16. Java Metanit,4,Компоновка памяти MemoryLayout и работа с MemorySegment,1,Теория,theory,,30,1,20
16,Глава 16. Java Metanit,4,Компоновка памяти MemoryLayout и работа с MemorySegment,2,Квиз,test,quiz_single,45,1,10
16,Глава 16. Java Metanit,4,Компоновка памяти MemoryLayout и работа с MemorySegment,3,Практика,practice,java_stdout,75,2,25
16,Глава 16. Java Metanit,5,Сложные данные и MemoryLayout,1,Теория,theory,,30,1,20
16,Глава 16. Java Metanit,5,Сложные данные и MemoryLayout,2,Квиз,test,quiz_single,45,1,10
16,Глава 16. Java Metanit,5,Сложные данные и MemoryLayout,3,Практика,practice,java_stdout,75,2,25
16,Глава 16. Java Metanit,6,Поиск и вызов внешних функций,1,Теория,theory,,30,1,20
16,Глава 16. Java Metanit,6,Поиск и вызов внешних функций,2,Квиз,test,quiz_single,45,1,10
16,Глава 16. Java Metanit,6,Поиск и вызов внешних функций,3,Практика,practice,java_stdout,75,2,25
16,Глава 16. Java Metanit,7,Нативные функции обратного вызова,1,Теория,theory,,30,1,20
16,Глава 16. Java Metanit,7,Нативные функции обратного вызова,2,Квиз,test,quiz_single,45,1,10
16,Глава 16. Java Metanit,7,Нативные функции обратного вызова,3,Практика,practice,java_stdout,75,2,25
