module_order,lesson_order,lesson_title,new_knowledge,allowed_prior_knowledge,future_knowledge_forbidden
1,1,Первый код,Python Core,"ничего, старт с нуля",да
1,2,Ввод и числа,Python Core,Первый код,да
1,3,Строки,Python Core,Первый код + Ввод и числа,да
1,4,bool и None,Python Core,Первый код + Ввод и числа + Строки,да
1,5,Условия,Python Core,Первый код + Ввод и числа + Строки + bool и None,да
1,6,Типы и память,Python Core,Первый код + Ввод и числа + Строки + bool и None + Условия,да
1,7,Циклы,Python Core,Первый код + Ввод и числа + Строки + bool и None + Условия + Типы и память,да
1,8,Списки,Python Core,Первый код + Ввод и числа + Строки + bool и None + Условия + Типы и память + Циклы,да
1,9,Функции,Python Core,Первый код + Ввод и числа + Строки + bool и None + Условия + Типы и память + Циклы + Списки,да
1,10,Кортежи,Python Core,Ввод и числа + Строки + bool и None + Условия + Типы и память + Циклы + Списки + Функции,да
1,11,Множества,Python Core,Строки + bool и None + Условия + Типы и память + Циклы + Списки + Функции + Кортежи,да
1,12,Словари,Python Core,bool и None + Условия + Типы и память + Циклы + Списки + Функции + Кортежи + Множества,да
1,13,map/filter/lambda,Python Core,Условия + Типы и память + Циклы + Списки + Функции + Кортежи + Множества + Словари,да
1,14,datetime,Python Core,Типы и память + Циклы + Списки + Функции + Кортежи + Множества + Словари + map/filter/lambda,да
1,15,Итераторы,Python Core,Циклы + Списки + Функции + Кортежи + Множества + Словари + map/filter/lambda + datetime,да
1,16,Генераторы,Python Core,Списки + Функции + Кортежи + Множества + Словари + map/filter/lambda + datetime + Итераторы,да
1,17,Декораторы,Python Core,Функции + Кортежи + Множества + Словари + map/filter/lambda + datetime + Итераторы + Генераторы,да
1,18,Контекстные менеджеры,Python Core,Кортежи + Множества + Словари + map/filter/lambda + datetime + Итераторы + Генераторы + Декораторы,да
1,19,Исключения,Python Core,Множества + Словари + map/filter/lambda + datetime + Итераторы + Генераторы + Декораторы + Контекстные менеджеры,да
1,20,AI для учёбы,AI для учёбы,Словари + map/filter/lambda + datetime + Итераторы + Генераторы + Декораторы + Контекстные менеджеры + Исключения,да
1,21,Как работает компьютер,среда и терминал,map/filter/lambda + datetime + Итераторы + Генераторы + Декораторы + Контекстные менеджеры + Исключения + AI для учёбы,да
1,22,Терминал: базовые команды,среда и терминал,datetime + Итераторы + Генераторы + Декораторы + Контекстные менеджеры + Исключения + AI для учёбы + Как работает компьютер,да
1,23,Терминал: процессы и bash,среда и терминал,Итераторы + Генераторы + Декораторы + Контекстные менеджеры + Исключения + AI для учёбы + Как работает компьютер + Терминал: базовые команды,да
1,24,Git: первые коммиты,Git и GitHub,Генераторы + Декораторы + Контекстные менеджеры + Исключения + AI для учёбы + Как работает компьютер + Терминал: базовые команды + Терминал: процессы и bash,да
1,25,Git: индекс и история,Git и GitHub,Декораторы + Контекстные менеджеры + Исключения + AI для учёбы + Как работает компьютер + Терминал: базовые команды + Терминал: процессы и bash + Git: первые коммиты,да
1,26,Git: ветки,Git и GitHub,Контекстные менеджеры + Исключения + AI для учёбы + Как работает компьютер + Терминал: базовые команды + Терминал: процессы и bash + Git: первые коммиты + Git: индекс и история,да
1,27,Git: отмена изменений,Git и GitHub,Исключения + AI для учёбы + Как работает компьютер + Терминал: базовые команды + Терминал: процессы и bash + Git: первые коммиты + Git: индекс и история + Git: ветки,да
1,28,Git: merge и rebase,Git и GitHub,AI для учёбы + Как работает компьютер + Терминал: базовые команды + Терминал: процессы и bash + Git: первые коммиты + Git: индекс и история + Git: ветки + Git: отмена изменений,да
1,29,GitHub и remote,Git и GitHub,Как работает компьютер + Терминал: базовые команды + Терминал: процессы и bash + Git: первые коммиты + Git: индекс и история + Git: ветки + Git: отмена изменений + Git: merge и rebase,да
1,30,CLI-проект: менеджер задач,"CLI-проект, среда и терминал, Git и GitHub",Терминал: базовые команды + Терминал: процессы и bash + Git: первые коммиты + Git: индекс и история + Git: ветки + Git: отмена изменений + Git: merge и rebase + GitHub и remote,да
1,31,Экзамен 1,Python Core,Терминал: процессы и bash + Git: первые коммиты + Git: индекс и история + Git: ветки + Git: отмена изменений + Git: merge и rebase + GitHub и remote + CLI-проект: менеджер задач,да
2,1,ООП: классы,ООП,Git: первые коммиты + Git: индекс и история + Git: ветки + Git: отмена изменений + Git: merge и rebase + GitHub и remote + CLI-проект: менеджер задач + Экзамен 1,да
2,2,ООП: атрибуты,ООП,Git: индекс и история + Git: ветки + Git: отмена изменений + Git: merge и rebase + GitHub и remote + CLI-проект: менеджер задач + Экзамен 1 + ООП: классы,да
2,3,ООП: методы,ООП,Git: ветки + Git: отмена изменений + Git: merge и rebase + GitHub и remote + CLI-проект: менеджер задач + Экзамен 1 + ООП: классы + ООП: атрибуты,да
2,4,Инкапсуляция,ООП,Git: отмена изменений + Git: merge и rebase + GitHub и remote + CLI-проект: менеджер задач + Экзамен 1 + ООП: классы + ООП: атрибуты + ООП: методы,да
2,5,Композиция,ООП,Git: merge и rebase + GitHub и remote + CLI-проект: менеджер задач + Экзамен 1 + ООП: классы + ООП: атрибуты + ООП: методы + Инкапсуляция,да
2,6,Магические методы,"магические методы, ООП",GitHub и remote + CLI-проект: менеджер задач + Экзамен 1 + ООП: классы + ООП: атрибуты + ООП: методы + Инкапсуляция + Композиция,да
2,7,Протоколы Python,протоколы,CLI-проект: менеджер задач + Экзамен 1 + ООП: классы + ООП: атрибуты + ООП: методы + Инкапсуляция + Композиция + Магические методы,да
2,8,Наследование,"наследование и полиморфизм, ООП",Экзамен 1 + ООП: классы + ООП: атрибуты + ООП: методы + Инкапсуляция + Композиция + Магические методы + Протоколы Python,да
2,9,Полиморфизм,"наследование и полиморфизм, ООП",ООП: классы + ООП: атрибуты + ООП: методы + Инкапсуляция + Композиция + Магические методы + Протоколы Python + Наследование,да
2,10,Абстракции,"наследование и полиморфизм, ООП",ООП: атрибуты + ООП: методы + Инкапсуляция + Композиция + Магические методы + Протоколы Python + Наследование + Полиморфизм,да
2,11,dataclasses,"ООП, типизация",ООП: методы + Инкапсуляция + Композиция + Магические методы + Протоколы Python + Наследование + Полиморфизм + Абстракции,да
2,12,typing: база,типизация,Инкапсуляция + Композиция + Магические методы + Протоколы Python + Наследование + Полиморфизм + Абстракции + dataclasses,да
2,13,typing: Optional и Union,типизация,Композиция + Магические методы + Протоколы Python + Наследование + Полиморфизм + Абстракции + dataclasses + typing: база,да
2,14,typing: generics,типизация,Магические методы + Протоколы Python + Наследование + Полиморфизм + Абстракции + dataclasses + typing: база + typing: Optional и Union,да
2,15,mypy и контракты,"типизация, pytest",Протоколы Python + Наследование + Полиморфизм + Абстракции + dataclasses + typing: база + typing: Optional и Union + typing: generics,да
2,16,Файлы и pathlib,Python Core,Наследование + Полиморфизм + Абстракции + dataclasses + typing: база + typing: Optional и Union + typing: generics + mypy и контракты,да
2,17,JSON и CSV,Python Core,Полиморфизм + Абстракции + dataclasses + typing: база + typing: Optional и Union + typing: generics + mypy и контракты + Файлы и pathlib,да
2,18,Логирование,Python Core,Абстракции + dataclasses + typing: база + typing: Optional и Union + typing: generics + mypy и контракты + Файлы и pathlib + JSON и CSV,да
2,19,Пакеты и импорты,Python Core,dataclasses + typing: база + typing: Optional и Union + typing: generics + mypy и контракты + Файлы и pathlib + JSON и CSV + Логирование,да
2,20,Poetry,Poetry,typing: база + typing: Optional и Union + typing: generics + mypy и контракты + Файлы и pathlib + JSON и CSV + Логирование + Пакеты и импорты,да
2,21,pytest: функции,pytest,typing: Optional и Union + typing: generics + mypy и контракты + Файлы и pathlib + JSON и CSV + Логирование + Пакеты и импорты + Poetry,да
2,22,pytest: fixtures,pytest,typing: generics + mypy и контракты + Файлы и pathlib + JSON и CSV + Логирование + Пакеты и импорты + Poetry + pytest: функции,да
2,23,pytest: parametrization,pytest,mypy и контракты + Файлы и pathlib + JSON и CSV + Логирование + Пакеты и импорты + Poetry + pytest: функции + pytest: fixtures,да
2,24,pytest: mocking,pytest,Файлы и pathlib + JSON и CSV + Логирование + Пакеты и импорты + Poetry + pytest: функции + pytest: fixtures + pytest: parametrization,да
2,25,pytest: coverage,pytest,JSON и CSV + Логирование + Пакеты и импорты + Poetry + pytest: функции + pytest: fixtures + pytest: parametrization + pytest: mocking,да
2,26,Алгоритмы: сложность,алгоритмы и структуры данных,Логирование + Пакеты и импорты + Poetry + pytest: функции + pytest: fixtures + pytest: parametrization + pytest: mocking + pytest: coverage,да
2,27,Массивы и списки,алгоритмы и структуры данных,Пакеты и импорты + Poetry + pytest: функции + pytest: fixtures + pytest: parametrization + pytest: mocking + pytest: coverage + Алгоритмы: сложность,да
2,28,Hash map и set,алгоритмы и структуры данных,Poetry + pytest: функции + pytest: fixtures + pytest: parametrization + pytest: mocking + pytest: coverage + Алгоритмы: сложность + Массивы и списки,да
2,29,"Stack, queue, deque",алгоритмы и структуры данных,pytest: функции + pytest: fixtures + pytest: parametrization + pytest: mocking + pytest: coverage + Алгоритмы: сложность + Массивы и списки + Hash map и set,да
2,30,Сортировки,алгоритмы и структуры данных,"pytest: fixtures + pytest: parametrization + pytest: mocking + pytest: coverage + Алгоритмы: сложность + Массивы и списки + Hash map и set + Stack, queue, deque",да
2,31,Binary search,алгоритмы и структуры данных,"pytest: parametrization + pytest: mocking + pytest: coverage + Алгоритмы: сложность + Массивы и списки + Hash map и set + Stack, queue, deque + Сортировки",да
2,32,threading,threading,"pytest: mocking + pytest: coverage + Алгоритмы: сложность + Массивы и списки + Hash map и set + Stack, queue, deque + Сортировки + Binary search",да
2,33,multiprocessing,multiprocessing,"pytest: coverage + Алгоритмы: сложность + Массивы и списки + Hash map и set + Stack, queue, deque + Сортировки + Binary search + threading",да
2,34,asyncio: база,asyncio,"Алгоритмы: сложность + Массивы и списки + Hash map и set + Stack, queue, deque + Сортировки + Binary search + threading + multiprocessing",да
2,35,asyncio: задачи и очереди,asyncio,"Массивы и списки + Hash map и set + Stack, queue, deque + Сортировки + Binary search + threading + multiprocessing + asyncio: база",да
2,36,asyncio: HTTP,"asyncio, HTTP / HTTPS","Hash map и set + Stack, queue, deque + Сортировки + Binary search + threading + multiprocessing + asyncio: база + asyncio: задачи и очереди",да
3,1,SQL: SELECT,SQL,"Stack, queue, deque + Сортировки + Binary search + threading + multiprocessing + asyncio: база + asyncio: задачи и очереди + asyncio: HTTP",да
3,2,SQL: WHERE,SQL,Сортировки + Binary search + threading + multiprocessing + asyncio: база + asyncio: задачи и очереди + asyncio: HTTP + SQL: SELECT,да
3,3,SQL: ORDER BY и LIMIT,SQL,Binary search + threading + multiprocessing + asyncio: база + asyncio: задачи и очереди + asyncio: HTTP + SQL: SELECT + SQL: WHERE,да
3,4,"SQL: LIKE, IN, BETWEEN, NULL",SQL,threading + multiprocessing + asyncio: база + asyncio: задачи и очереди + asyncio: HTTP + SQL: SELECT + SQL: WHERE + SQL: ORDER BY и LIMIT,да
3,5,SQL: агрегаты,SQL,"multiprocessing + asyncio: база + asyncio: задачи и очереди + asyncio: HTTP + SQL: SELECT + SQL: WHERE + SQL: ORDER BY и LIMIT + SQL: LIKE, IN, BETWEEN, NULL",да
3,6,SQL: GROUP BY,SQL,"asyncio: база + asyncio: задачи и очереди + asyncio: HTTP + SQL: SELECT + SQL: WHERE + SQL: ORDER BY и LIMIT + SQL: LIKE, IN, BETWEEN, NULL + SQL: агрегаты",да
3,7,SQL: HAVING,SQL,"asyncio: задачи и очереди + asyncio: HTTP + SQL: SELECT + SQL: WHERE + SQL: ORDER BY и LIMIT + SQL: LIKE, IN, BETWEEN, NULL + SQL: агрегаты + SQL: GROUP BY",да
3,8,SQL: INNER JOIN,SQL,"asyncio: HTTP + SQL: SELECT + SQL: WHERE + SQL: ORDER BY и LIMIT + SQL: LIKE, IN, BETWEEN, NULL + SQL: агрегаты + SQL: GROUP BY + SQL: HAVING",да
3,9,SQL: LEFT JOIN,SQL,"SQL: SELECT + SQL: WHERE + SQL: ORDER BY и LIMIT + SQL: LIKE, IN, BETWEEN, NULL + SQL: агрегаты + SQL: GROUP BY + SQL: HAVING + SQL: INNER JOIN",да
3,10,SQL: self join,SQL,"SQL: WHERE + SQL: ORDER BY и LIMIT + SQL: LIKE, IN, BETWEEN, NULL + SQL: агрегаты + SQL: GROUP BY + SQL: HAVING + SQL: INNER JOIN + SQL: LEFT JOIN",да
3,11,SQL: подзапросы,SQL,"SQL: ORDER BY и LIMIT + SQL: LIKE, IN, BETWEEN, NULL + SQL: агрегаты + SQL: GROUP BY + SQL: HAVING + SQL: INNER JOIN + SQL: LEFT JOIN + SQL: self join",да
3,12,SQL: CTE,SQL,"SQL: LIKE, IN, BETWEEN, NULL + SQL: агрегаты + SQL: GROUP BY + SQL: HAVING + SQL: INNER JOIN + SQL: LEFT JOIN + SQL: self join + SQL: подзапросы",да
3,13,SQL: оконные функции,SQL,SQL: агрегаты + SQL: GROUP BY + SQL: HAVING + SQL: INNER JOIN + SQL: LEFT JOIN + SQL: self join + SQL: подзапросы + SQL: CTE,да
3,14,"SQL: INSERT, UPDATE, DELETE",SQL,SQL: GROUP BY + SQL: HAVING + SQL: INNER JOIN + SQL: LEFT JOIN + SQL: self join + SQL: подзапросы + SQL: CTE + SQL: оконные функции,да
3,15,SQL: constraints,SQL,"SQL: HAVING + SQL: INNER JOIN + SQL: LEFT JOIN + SQL: self join + SQL: подзапросы + SQL: CTE + SQL: оконные функции + SQL: INSERT, UPDATE, DELETE",да
3,16,SQL: нормализация,SQL,"SQL: INNER JOIN + SQL: LEFT JOIN + SQL: self join + SQL: подзапросы + SQL: CTE + SQL: оконные функции + SQL: INSERT, UPDATE, DELETE + SQL: constraints",да
3,17,SQL: transactions и ACID,"SQL, транзакции","SQL: LEFT JOIN + SQL: self join + SQL: подзапросы + SQL: CTE + SQL: оконные функции + SQL: INSERT, UPDATE, DELETE + SQL: constraints + SQL: нормализация",да
3,18,"SQL: изоляция, блокировки, индексы","SQL, уровни изоляции, блокировки, индексы","SQL: self join + SQL: подзапросы + SQL: CTE + SQL: оконные функции + SQL: INSERT, UPDATE, DELETE + SQL: constraints + SQL: нормализация + SQL: transactions и ACID",да
3,19,SQLite: файл базы,"SQLite/sqlite3, SQL","SQL: подзапросы + SQL: CTE + SQL: оконные функции + SQL: INSERT, UPDATE, DELETE + SQL: constraints + SQL: нормализация + SQL: transactions и ACID + SQL: изоляция, блокировки, индексы",да
3,20,SQLite: sqlite3 CLI,"SQLite/sqlite3, SQL","SQL: CTE + SQL: оконные функции + SQL: INSERT, UPDATE, DELETE + SQL: constraints + SQL: нормализация + SQL: transactions и ACID + SQL: изоляция, блокировки, индексы + SQLite: файл базы",да
3,21,SQLite: DDL и constraints,"SQLite/sqlite3, SQL","SQL: оконные функции + SQL: INSERT, UPDATE, DELETE + SQL: constraints + SQL: нормализация + SQL: transactions и ACID + SQL: изоляция, блокировки, индексы + SQLite: файл базы + SQLite: sqlite3 CLI",да
3,22,SQLite: CRUD,"SQLite/sqlite3, SQL","SQL: INSERT, UPDATE, DELETE + SQL: constraints + SQL: нормализация + SQL: transactions и ACID + SQL: изоляция, блокировки, индексы + SQLite: файл базы + SQLite: sqlite3 CLI + SQLite: DDL и constraints",да
3,23,SQLite: transactions и PRAGMA,"SQLite/sqlite3, SQL, транзакции","SQL: constraints + SQL: нормализация + SQL: transactions и ACID + SQL: изоляция, блокировки, индексы + SQLite: файл базы + SQLite: sqlite3 CLI + SQLite: DDL и constraints + SQLite: CRUD",да
3,24,sqlite3 через Python,"SQLite/sqlite3, SQL, pytest","SQL: нормализация + SQL: transactions и ACID + SQL: изоляция, блокировки, индексы + SQLite: файл базы + SQLite: sqlite3 CLI + SQLite: DDL и constraints + SQLite: CRUD + SQLite: transactions и PRAGMA",да
3,25,SQLite repository и проекты,"SQLite/sqlite3, SQL, pytest","SQL: transactions и ACID + SQL: изоляция, блокировки, индексы + SQLite: файл базы + SQLite: sqlite3 CLI + SQLite: DDL и constraints + SQLite: CRUD + SQLite: transactions и PRAGMA + sqlite3 через Python",да
3,26,NoSQL: документы,NoSQL,"SQL: изоляция, блокировки, индексы + SQLite: файл базы + SQLite: sqlite3 CLI + SQLite: DDL и constraints + SQLite: CRUD + SQLite: transactions и PRAGMA + sqlite3 через Python + SQLite repository и проекты",да
3,27,Redis,Redis,SQLite: файл базы + SQLite: sqlite3 CLI + SQLite: DDL и constraints + SQLite: CRUD + SQLite: transactions и PRAGMA + sqlite3 через Python + SQLite repository и проекты + NoSQL: документы,да
3,28,ClickHouse и OLAP,"ClickHouse / OLAP, SQL",SQLite: sqlite3 CLI + SQLite: DDL и constraints + SQLite: CRUD + SQLite: transactions и PRAGMA + sqlite3 через Python + SQLite repository и проекты + NoSQL: документы + Redis,да
3,29,S3 и MinIO,S3 / MinIO,SQLite: DDL и constraints + SQLite: CRUD + SQLite: transactions и PRAGMA + sqlite3 через Python + SQLite repository и проекты + NoSQL: документы + Redis + ClickHouse и OLAP,да
3,30,Сети: TCP и UDP,"сети, TCP / UDP",SQLite: CRUD + SQLite: transactions и PRAGMA + sqlite3 через Python + SQLite repository и проекты + NoSQL: документы + Redis + ClickHouse и OLAP + S3 и MinIO,да
3,31,HTTP и HTTPS,"HTTP / HTTPS, сети",SQLite: transactions и PRAGMA + sqlite3 через Python + SQLite repository и проекты + NoSQL: документы + Redis + ClickHouse и OLAP + S3 и MinIO + Сети: TCP и UDP,да
3,32,REST и авторизация,"REST, авторизация, HTTP / HTTPS, FastAPI",sqlite3 через Python + SQLite repository и проекты + NoSQL: документы + Redis + ClickHouse и OLAP + S3 и MinIO + Сети: TCP и UDP + HTTP и HTTPS,да
3,33,"SOAP, GraphQL, gRPC, WebSockets","SOAP / GraphQL / gRPC / WebSockets обзорно, HTTP / HTTPS",SQLite repository и проекты + NoSQL: документы + Redis + ClickHouse и OLAP + S3 и MinIO + Сети: TCP и UDP + HTTP и HTTPS + REST и авторизация,да
3,34,Проектирование схемы,"SQL, индексы","NoSQL: документы + Redis + ClickHouse и OLAP + S3 и MinIO + Сети: TCP и UDP + HTTP и HTTPS + REST и авторизация + SOAP, GraphQL, gRPC, WebSockets",да
3,35,Индексы и EXPLAIN,"SQL, индексы","Redis + ClickHouse и OLAP + S3 и MinIO + Сети: TCP и UDP + HTTP и HTTPS + REST и авторизация + SOAP, GraphQL, gRPC, WebSockets + Проектирование схемы",да
3,36,Экзамен 3,"SQL, SQLite/sqlite3, сети","ClickHouse и OLAP + S3 и MinIO + Сети: TCP и UDP + HTTP и HTTPS + REST и авторизация + SOAP, GraphQL, gRPC, WebSockets + Проектирование схемы + Индексы и EXPLAIN",да
4,1,FastAPI: первый API,"FastAPI, HTTP / HTTPS, REST","S3 и MinIO + Сети: TCP и UDP + HTTP и HTTPS + REST и авторизация + SOAP, GraphQL, gRPC, WebSockets + Проектирование схемы + Индексы и EXPLAIN + Экзамен 3",да
4,2,FastAPI: GET route,"FastAPI, REST","Сети: TCP и UDP + HTTP и HTTPS + REST и авторизация + SOAP, GraphQL, gRPC, WebSockets + Проектирование схемы + Индексы и EXPLAIN + Экзамен 3 + FastAPI: первый API",да
4,3,FastAPI: path params,"FastAPI, REST","HTTP и HTTPS + REST и авторизация + SOAP, GraphQL, gRPC, WebSockets + Проектирование схемы + Индексы и EXPLAIN + Экзамен 3 + FastAPI: первый API + FastAPI: GET route",да
4,4,FastAPI: query params,"FastAPI, REST","REST и авторизация + SOAP, GraphQL, gRPC, WebSockets + Проектирование схемы + Индексы и EXPLAIN + Экзамен 3 + FastAPI: первый API + FastAPI: GET route + FastAPI: path params",да
4,5,FastAPI: request body,"FastAPI, REST","SOAP, GraphQL, gRPC, WebSockets + Проектирование схемы + Индексы и EXPLAIN + Экзамен 3 + FastAPI: первый API + FastAPI: GET route + FastAPI: path params + FastAPI: query params",да
4,6,Pydantic models,FastAPI,Проектирование схемы + Индексы и EXPLAIN + Экзамен 3 + FastAPI: первый API + FastAPI: GET route + FastAPI: path params + FastAPI: query params + FastAPI: request body,да
4,7,response_model и status codes,"FastAPI, HTTP / HTTPS",Индексы и EXPLAIN + Экзамен 3 + FastAPI: первый API + FastAPI: GET route + FastAPI: path params + FastAPI: query params + FastAPI: request body + Pydantic models,да
4,8,HTTPException,"FastAPI, HTTP / HTTPS",Экзамен 3 + FastAPI: первый API + FastAPI: GET route + FastAPI: path params + FastAPI: query params + FastAPI: request body + Pydantic models + response_model и status codes,да
4,9,Routers,FastAPI,FastAPI: первый API + FastAPI: GET route + FastAPI: path params + FastAPI: query params + FastAPI: request body + Pydantic models + response_model и status codes + HTTPException,да
4,10,Depends и settings,FastAPI,FastAPI: GET route + FastAPI: path params + FastAPI: query params + FastAPI: request body + Pydantic models + response_model и status codes + HTTPException + Routers,да
4,11,Middleware и logging,FastAPI,FastAPI: path params + FastAPI: query params + FastAPI: request body + Pydantic models + response_model и status codes + HTTPException + Routers + Depends и settings,да
4,12,Healthcheck,"FastAPI, Docker",FastAPI: query params + FastAPI: request body + Pydantic models + response_model и status codes + HTTPException + Routers + Depends и settings + Middleware и logging,да
4,13,Auth JWT,"FastAPI, авторизация",FastAPI: request body + Pydantic models + response_model и status codes + HTTPException + Routers + Depends и settings + Middleware и logging + Healthcheck,да
4,14,Refresh tokens,"FastAPI, авторизация",Pydantic models + response_model и status codes + HTTPException + Routers + Depends и settings + Middleware и logging + Healthcheck + Auth JWT,да
4,15,Database session,"FastAPI, SQLAlchemy",response_model и status codes + HTTPException + Routers + Depends и settings + Middleware и logging + Healthcheck + Auth JWT + Refresh tokens,да
4,16,SQLAlchemy engine/session,"SQLAlchemy, FastAPI",HTTPException + Routers + Depends и settings + Middleware и logging + Healthcheck + Auth JWT + Refresh tokens + Database session,да
4,17,SQLAlchemy models,"SQLAlchemy, FastAPI",Routers + Depends и settings + Middleware и logging + Healthcheck + Auth JWT + Refresh tokens + Database session + SQLAlchemy engine/session,да
4,18,SQLAlchemy relationships,"SQLAlchemy, FastAPI",Depends и settings + Middleware и logging + Healthcheck + Auth JWT + Refresh tokens + Database session + SQLAlchemy engine/session + SQLAlchemy models,да
4,19,SQLAlchemy transactions,"SQLAlchemy, транзакции, FastAPI",Middleware и logging + Healthcheck + Auth JWT + Refresh tokens + Database session + SQLAlchemy engine/session + SQLAlchemy models + SQLAlchemy relationships,да
4,20,Repository и unit of work,"SQLAlchemy, FastAPI",Healthcheck + Auth JWT + Refresh tokens + Database session + SQLAlchemy engine/session + SQLAlchemy models + SQLAlchemy relationships + SQLAlchemy transactions,да
4,21,Alembic migrations,"SQLAlchemy, FastAPI",Auth JWT + Refresh tokens + Database session + SQLAlchemy engine/session + SQLAlchemy models + SQLAlchemy relationships + SQLAlchemy transactions + Repository и unit of work,да
4,22,"Pagination, filtering, sorting",FastAPI,Refresh tokens + Database session + SQLAlchemy engine/session + SQLAlchemy models + SQLAlchemy relationships + SQLAlchemy transactions + Repository и unit of work + Alembic migrations,да
4,23,TestClient,"FastAPI, pytest","Database session + SQLAlchemy engine/session + SQLAlchemy models + SQLAlchemy relationships + SQLAlchemy transactions + Repository и unit of work + Alembic migrations + Pagination, filtering, sorting",да
4,24,Integration tests,"FastAPI, pytest","SQLAlchemy engine/session + SQLAlchemy models + SQLAlchemy relationships + SQLAlchemy transactions + Repository и unit of work + Alembic migrations + Pagination, filtering, sorting + TestClient",да
4,25,OpenAPI docs,FastAPI,"SQLAlchemy models + SQLAlchemy relationships + SQLAlchemy transactions + Repository и unit of work + Alembic migrations + Pagination, filtering, sorting + TestClient + Integration tests",да
4,26,Postman collections,"Postman, FastAPI","SQLAlchemy relationships + SQLAlchemy transactions + Repository и unit of work + Alembic migrations + Pagination, filtering, sorting + TestClient + Integration tests + OpenAPI docs",да
4,27,CRUD-проект,"CRUD-проект, FastAPI, SQLAlchemy","SQLAlchemy transactions + Repository и unit of work + Alembic migrations + Pagination, filtering, sorting + TestClient + Integration tests + OpenAPI docs + Postman collections",да
4,28,Dockerfile и image,Docker,"Repository и unit of work + Alembic migrations + Pagination, filtering, sorting + TestClient + Integration tests + OpenAPI docs + Postman collections + CRUD-проект",да
4,29,"Container, ports, env",Docker,"Alembic migrations + Pagination, filtering, sorting + TestClient + Integration tests + OpenAPI docs + Postman collections + CRUD-проект + Dockerfile и image",да
4,30,Volumes и .dockerignore,Docker,"Pagination, filtering, sorting + TestClient + Integration tests + OpenAPI docs + Postman collections + CRUD-проект + Dockerfile и image + Container, ports, env",да
4,31,multistage build,"Docker, multistage build","TestClient + Integration tests + OpenAPI docs + Postman collections + CRUD-проект + Dockerfile и image + Container, ports, env + Volumes и .dockerignore",да
4,32,Docker Compose: app + db,"Docker Compose, Docker","Integration tests + OpenAPI docs + Postman collections + CRUD-проект + Dockerfile и image + Container, ports, env + Volumes и .dockerignore + multistage build",да
4,33,"Healthcheck, logs, exec, networks, secrets","Docker, Docker Compose","OpenAPI docs + Postman collections + CRUD-проект + Dockerfile и image + Container, ports, env + Volumes и .dockerignore + multistage build + Docker Compose: app + db",да
4,34,CI/CD: GitHub Actions и GitLab CI,"CI/CD, GitHub Actions, GitLab CI/CD","Postman collections + CRUD-проект + Dockerfile и image + Container, ports, env + Volumes и .dockerignore + multistage build + Docker Compose: app + db + Healthcheck, logs, exec, networks, secrets",да
5,1,AI API request,AI API,"CRUD-проект + Dockerfile и image + Container, ports, env + Volumes и .dockerignore + multistage build + Docker Compose: app + db + Healthcheck, logs, exec, networks, secrets + CI/CD: GitHub Actions и GitLab CI",да
5,2,Prompt и messages,AI API,"Dockerfile и image + Container, ports, env + Volumes и .dockerignore + multistage build + Docker Compose: app + db + Healthcheck, logs, exec, networks, secrets + CI/CD: GitHub Actions и GitLab CI + AI API request",да
5,3,Structured output,AI API,"Container, ports, env + Volumes и .dockerignore + multistage build + Docker Compose: app + db + Healthcheck, logs, exec, networks, secrets + CI/CD: GitHub Actions и GitLab CI + AI API request + Prompt и messages",да
5,4,JSON schema,AI API,"Volumes и .dockerignore + multistage build + Docker Compose: app + db + Healthcheck, logs, exec, networks, secrets + CI/CD: GitHub Actions и GitLab CI + AI API request + Prompt и messages + Structured output",да
5,5,Mock provider,"AI API, pytest","multistage build + Docker Compose: app + db + Healthcheck, logs, exec, networks, secrets + CI/CD: GitHub Actions и GitLab CI + AI API request + Prompt и messages + Structured output + JSON schema",да
5,6,Retries и timeouts,AI API,"Docker Compose: app + db + Healthcheck, logs, exec, networks, secrets + CI/CD: GitHub Actions и GitLab CI + AI API request + Prompt и messages + Structured output + JSON schema + Mock provider",да
5,7,Rate limits и cost,AI API,"Healthcheck, logs, exec, networks, secrets + CI/CD: GitHub Actions и GitLab CI + AI API request + Prompt и messages + Structured output + JSON schema + Mock provider + Retries и timeouts",да
5,8,RAG chunks,RAG,CI/CD: GitHub Actions и GitLab CI + AI API request + Prompt и messages + Structured output + JSON schema + Mock provider + Retries и timeouts + Rate limits и cost,да
5,9,Embeddings и vector DB,"vector databases, RAG",AI API request + Prompt и messages + Structured output + JSON schema + Mock provider + Retries и timeouts + Rate limits и cost + RAG chunks,да
5,10,Retrieval evaluation hallucination,"RAG, vector databases",Prompt и messages + Structured output + JSON schema + Mock provider + Retries и timeouts + Rate limits и cost + RAG chunks + Embeddings и vector DB,да
5,11,LangChain и LangGraph,LangChain / LangGraph концептуально,Structured output + JSON schema + Mock provider + Retries и timeouts + Rate limits и cost + RAG chunks + Embeddings и vector DB + Retrieval evaluation hallucination,да
5,12,Безопасный вайбкодинг,вайбкодинг,JSON schema + Mock provider + Retries и timeouts + Rate limits и cost + RAG chunks + Embeddings и vector DB + Retrieval evaluation hallucination + LangChain и LangGraph,да
5,13,"VPS, безопасность, домен, SSL","VPS, безопасность сервера, домен, SSL",Mock provider + Retries и timeouts + Rate limits и cost + RAG chunks + Embeddings и vector DB + Retrieval evaluation hallucination + LangChain и LangGraph + Безопасный вайбкодинг,да
5,14,Автодеплой и rollback,"автодеплой, CI/CD","Retries и timeouts + Rate limits и cost + RAG chunks + Embeddings и vector DB + Retrieval evaluation hallucination + LangChain и LangGraph + Безопасный вайбкодинг + VPS, безопасность, домен, SSL",да
5,15,Финальный проект: ТЗ,"финальный проект, FastAPI, SQLAlchemy, pytest","Rate limits и cost + RAG chunks + Embeddings и vector DB + Retrieval evaluation hallucination + LangChain и LangGraph + Безопасный вайбкодинг + VPS, безопасность, домен, SSL + Автодеплой и rollback",да
5,16,Финальный проект: User stories,"финальный проект, FastAPI, SQLAlchemy, pytest","RAG chunks + Embeddings и vector DB + Retrieval evaluation hallucination + LangChain и LangGraph + Безопасный вайбкодинг + VPS, безопасность, домен, SSL + Автодеплой и rollback + Финальный проект: ТЗ",да
5,17,Финальный проект: схема БД,"финальный проект, FastAPI, SQLAlchemy, pytest","Embeddings и vector DB + Retrieval evaluation hallucination + LangChain и LangGraph + Безопасный вайбкодинг + VPS, безопасность, домен, SSL + Автодеплой и rollback + Финальный проект: ТЗ + Финальный проект: User stories",да
5,18,Финальный проект: API contract,"финальный проект, FastAPI, SQLAlchemy, pytest","Retrieval evaluation hallucination + LangChain и LangGraph + Безопасный вайбкодинг + VPS, безопасность, домен, SSL + Автодеплой и rollback + Финальный проект: ТЗ + Финальный проект: User stories + Финальный проект: схема БД",да
5,19,Финальный проект: Git workflow,"финальный проект, FastAPI, SQLAlchemy, pytest, Git и GitHub","LangChain и LangGraph + Безопасный вайбкодинг + VPS, безопасность, домен, SSL + Автодеплой и rollback + Финальный проект: ТЗ + Финальный проект: User stories + Финальный проект: схема БД + Финальный проект: API contract",да
5,20,Финальный проект: FastAPI-структура,"финальный проект, FastAPI, SQLAlchemy, pytest","Безопасный вайбкодинг + VPS, безопасность, домен, SSL + Автодеплой и rollback + Финальный проект: ТЗ + Финальный проект: User stories + Финальный проект: схема БД + Финальный проект: API contract + Финальный проект: Git workflow",да
5,21,Финальный проект: SQLAlchemy models,"финальный проект, FastAPI, SQLAlchemy, pytest","VPS, безопасность, домен, SSL + Автодеплой и rollback + Финальный проект: ТЗ + Финальный проект: User stories + Финальный проект: схема БД + Финальный проект: API contract + Финальный проект: Git workflow + Финальный проект: FastAPI-структура",да
5,22,Финальный проект: Alembic migrations,"финальный проект, FastAPI, SQLAlchemy, pytest",Автодеплой и rollback + Финальный проект: ТЗ + Финальный проект: User stories + Финальный проект: схема БД + Финальный проект: API contract + Финальный проект: Git workflow + Финальный проект: FastAPI-структура + Финальный проект: SQLAlchemy models,да
5,23,Финальный проект: Auth,"финальный проект, FastAPI, SQLAlchemy, pytest",Финальный проект: ТЗ + Финальный проект: User stories + Финальный проект: схема БД + Финальный проект: API contract + Финальный проект: Git workflow + Финальный проект: FastAPI-структура + Финальный проект: SQLAlchemy models + Финальный проект: Alembic migrations,да
5,24,Финальный проект: CRUD,"финальный проект, FastAPI, SQLAlchemy, pytest",Финальный проект: User stories + Финальный проект: схема БД + Финальный проект: API contract + Финальный проект: Git workflow + Финальный проект: FastAPI-структура + Финальный проект: SQLAlchemy models + Финальный проект: Alembic migrations + Финальный проект: Auth,да
5,25,Финальный проект: Tests,"финальный проект, FastAPI, SQLAlchemy, pytest",Финальный проект: схема БД + Финальный проект: API contract + Финальный проект: Git workflow + Финальный проект: FastAPI-структура + Финальный проект: SQLAlchemy models + Финальный проект: Alembic migrations + Финальный проект: Auth + Финальный проект: CRUD,да
5,26,Финальный проект: Docker,"финальный проект, FastAPI, SQLAlchemy, pytest, Docker",Финальный проект: API contract + Финальный проект: Git workflow + Финальный проект: FastAPI-структура + Финальный проект: SQLAlchemy models + Финальный проект: Alembic migrations + Финальный проект: Auth + Финальный проект: CRUD + Финальный проект: Tests,да
5,27,Финальный проект: CI/CD,"финальный проект, FastAPI, SQLAlchemy, pytest, CI/CD, GitHub Actions, GitLab CI/CD",Финальный проект: Git workflow + Финальный проект: FastAPI-структура + Финальный проект: SQLAlchemy models + Финальный проект: Alembic migrations + Финальный проект: Auth + Финальный проект: CRUD + Финальный проект: Tests + Финальный проект: Docker,да
5,28,Финальный проект: AI integration,"финальный проект, FastAPI, SQLAlchemy, pytest, AI API",Финальный проект: FastAPI-структура + Финальный проект: SQLAlchemy models + Финальный проект: Alembic migrations + Финальный проект: Auth + Финальный проект: CRUD + Финальный проект: Tests + Финальный проект: Docker + Финальный проект: CI/CD,да
5,29,Финальный проект: Logging,"финальный проект, FastAPI, SQLAlchemy, pytest",Финальный проект: SQLAlchemy models + Финальный проект: Alembic migrations + Финальный проект: Auth + Финальный проект: CRUD + Финальный проект: Tests + Финальный проект: Docker + Финальный проект: CI/CD + Финальный проект: AI integration,да
5,30,Финальный проект: README,"финальный проект, FastAPI, SQLAlchemy, pytest",Финальный проект: Alembic migrations + Финальный проект: Auth + Финальный проект: CRUD + Финальный проект: Tests + Финальный проект: Docker + Финальный проект: CI/CD + Финальный проект: AI integration + Финальный проект: Logging,да
5,31,Финальный проект: Deploy,"финальный проект, FastAPI, SQLAlchemy, pytest, VPS, автодеплой, домен, SSL",Финальный проект: Auth + Финальный проект: CRUD + Финальный проект: Tests + Финальный проект: Docker + Финальный проект: CI/CD + Финальный проект: AI integration + Финальный проект: Logging + Финальный проект: README,да
5,32,Финальный проект: Final defense,"финальный проект, FastAPI, SQLAlchemy, pytest",Финальный проект: CRUD + Финальный проект: Tests + Финальный проект: Docker + Финальный проект: CI/CD + Финальный проект: AI integration + Финальный проект: Logging + Финальный проект: README + Финальный проект: Deploy,да
